Chart,1
Chart,7
Chart,8
Chart,9
Chart,11
Chart,12
Chart,16
Chart,19
Chart,20
Chart,24
Cli,5
Cli,8
Cli,11
Cli,17
Cli,27
Cli,34
Closure,4
Closure,10
Closure,38
Closure,46
Closure,56
Closure,57
Closure,62
Closure,63
Closure,73
Closure,79
Closure,86
Closure,92
Closure,104
Closure,113
Closure,115
Closure,123
Closure,126
Closure,131
Codec,1
Codec,3
Codec,7
Compress,19
Compress,25
Compress,27
Compress,31
Csv,4
Csv,6
JacksonCore,6
JacksonCore,12
JacksonCore,25
Lang,6
Lang,26
Lang,34
Lang,43
Lang,47
Lang,51
Lang,55
Lang,57
Lang,59
Time,4
Time,19